Date,Close,High,Low,Open,Volume
2024-01-02,76030.1171875,76221.14763269472,74692.90407113693,74692.90407113693,17142847
2024-01-03,73546.703125,75265.97670454545,73546.703125,74979.43110795454,21753644
2024-01-04,73164.65625,73833.26276925587,72687.08016481723,72687.08016481723,15324439
2024-01-05,73164.65625,73642.23233518277,72973.62581592689,73260.17146703655,11304316
2024-01-08,73069.1328125,74024.2848754085,72973.61760620915,73546.70884395424,11088724
2024-01-09,71349.8671875,74215.32370105422,70967.8063190261,73928.7780496988,26019249
2024-01-10,70299.1953125,71827.43868885869,69917.13446841032,71636.40826681386,20259529
2024-01-11,69917.1484375,70299.2093579235,69439.57228697062,69630.60274718238,57691266
2024-01-12,69821.6328125,70776.78510815663,69535.08712380301,69726.11758293434,13038939
2024-01-15,70585.7421875,70681.25740020297,69917.13569857916,69917.13569857916,2957915
2024-01-16,69344.0390625,70394.70632102272,69248.52385717975,70203.67591038223,14760415
2024-01-17,67815.796875,70012.64663292254,67815.796875,69821.61621919014,22683660
2024-01-18,68484.4140625,68770.95972803347,67529.26184405509,68388.89884065551,17853397
2024-01-19,71349.8671875,71349.8671875,69726.10849648595,70203.6845820783,23363427
2024-01-22,71731.921875,72591.55875499334,71636.40666611186,72496.0435461052,19673375
2024-01-23,71827.4375,72400.52875664893,70967.80061502659,72305.01354720745,14786224
2024-01-24,70681.25,71827.43243243244,70203.6739864865,71827.43243243244,12860661
2024-01-25,70776.78125,71445.38782051283,70394.72035256411,70872.29647435897,11737747
2024-01-26,70108.171875,71158.83930091962,70012.65665446185,70394.71753661444,11160062
2024-01-29,71063.3203125,71827.44203629033,70203.6833732359,70490.22901965726,13976521
2024-01-30,70967.8046875,71922.95683672611,70394.71339796434,71636.41119195828,12244418
2024-01-31,69439.5625,70681.26031636864,69248.53206671252,70108.16901650619,15703560
2024-02-01,70299.1953125,70872.2865786345,69630.58883534306,69726.1040463655,19881033
2024-02-02,71827.4375,71827.4375,70394.70935837766,70681.25498670213,14955881
2024-02-05,70967.8046875,71445.38076211305,70203.68296811912,70872.2894725774,19026021
2024-02-06,71063.3203125,71349.86595892138,70012.6529422883,70967.80509702621,14559254
2024-02-07,71636.40625,72113.98229166667,70967.79979166666,71254.34541666666,16566445
2024-02-08,70776.78125,71827.44871794872,70299.20512820513,71636.41826923077,20810708
2024-02-13,71827.4375,71827.4375,71063.31582446808,71445.37666223403,21966745
2024-02-14,70681.25,70967.7956081081,70394.7043918919,70394.7043918919,12434945
2024-02-15,69917.1484375,71063.3311987705,69726.11797728825,70872.30073855874,14120600
2024-02-16,69535.0859375,70108.17730511677,69248.54025369162,70012.66207718063,13444781
2024-02-19,70490.2265625,70585.74177464431,69535.07444105692,69535.07444105692,12726404
2024-02-20,70012.6484375,70394.70927481241,69535.07239085948,70394.70927481241,14681477
2024-02-21,69726.109375,70394.71590325343,69630.59415667808,70108.17024828767,11503495
2024-02-22,69821.6328125,70585.7546490253,69439.57189423735,70490.23941945964,15208934
2024-02-23,69630.5859375,70872.28362911522,69630.5859375,70299.19238683127,16225166
2024-02-26,69535.0859375,69917.14684924451,68961.99456988325,69057.50979781937,14669352
2024-02-27,69630.5859375,70108.16197273662,69439.55552340535,69821.61635159465,13201981
2024-02-28,69917.1484375,70585.75504824112,69535.0875170765,69630.60274718238,11795859
2024-02-29,70108.171875,70108.171875,68770.95878746593,69344.05011069482,21176403
2024-03-04,71540.890625,71636.40583277703,70681.25375500668,70967.79937833779,23210474
2024-03-05,70394.71875,71445.38619402985,70394.71875,71254.35574966078,19505125
2024-03-06,69630.5859375,70203.67717978395,69439.55552340535,69917.13155864198,21547905
2024-03-07,68961.9765625,70012.64379544668,68961.9765625,69821.61338945637,14516963
2024-03-08,70012.6484375,70108.1636468281,69344.04197220327,69535.07239085948,19271349
2024-03-11,69153.015625,69821.6221296616,69057.50041004833,69630.59169975828,9740504
2024-03-12,70012.6484375,70203.6788561562,68866.46592556275,69344.04197220327,13011654
2024-03-13,70776.78125,70776.78125,70203.68990384616,70394.72035256411,15243134
2024-03-14,70967.8046875,71158.83511734522,70299.19818304172,71063.3199024226,22545539
2024-03-15,69057.5,70394.71300138313,69057.5,70108.1673582296,22580555
2024-03-18,69535.0859375,69726.11639337226,69248.54025369162,69344.05548162776,11520348
2024-03-19,69535.0859375,69726.11639337226,68484.41843020261,69057.50979781937,15376066
2024-03-20,73451.203125,73737.74878088427,70108.1704730169,70394.71612890117,50106297
2024-03-21,75743.5703125,75743.5703125,74215.3267752995,75648.05509142498,44569799
2024-03-22,75361.5078125,76316.6600027725,74310.84040320026,76030.11434569074,26724761
2024-03-25,74692.8984375,76221.14188379156,74310.83757592711,76030.11145300511,18703996
2024-03-26,76316.65625,76507.68667866083,75648.04974968711,76125.62582133917,30551494
2024-03-27,76221.140625,76412.17105263159,75648.04934210527,75648.04934210527,17424595
2024-03-28,77527.0078125,77718.90634668936,75991.81953898515,76183.7180731745,25084812
2024-03-29,79062.203125,79158.15240063713,77622.96399044296,77910.81181735436,27126366
2024-04-01,78678.3984375,79925.73890053353,78678.3984375,79829.78963414633,20116513
2024-04-02,81556.8828125,81556.8828125,79541.94806066177,79541.94806066177,37077944
2024-04-03,80693.34375,81556.88726218787,80117.64807520808,80885.24230826397,30493347
2024-04-04,81844.734375,82036.63293156507,80885.24159217467,81748.78509671746,25248934
2024-04-05,81077.1328125,81556.87916050295,80405.48792529585,81077.1328125,18883752
2024-04-08,81077.1328125,82516.37185650888,81077.1328125,81748.77769970414,18953232
2024-04-09,80213.5859375,81460.92638868123,79733.83961012261,81077.12932677931,23725956
2024-04-11,80693.34375,81269.03942479192,79158.15528388823,79829.80023781213,25538009
2024-04-12,80309.5390625,81460.93030353943,79829.7927120669,81269.03176336619,17061770
2024-04-15,78870.2890625,79829.78163017031,77910.79649482969,79541.93385986923,26663772
2024-04-16,76759.4140625,78006.75454101562,76183.71845703125,77910.8052734375,31949845
2024-04-17,75703.9765625,77527.01275348543,75703.9765625,77431.06348027567,22611631
2024-04-18,76375.625,76855.37138819095,75128.28439070351,75608.03077889448,21370190
2024-04-19,74456.640625,75512.0826957152,73209.29999597293,75128.28557909149,31317563
2024-04-22,73017.3984375,74360.68829048949,72057.90568536465,74264.73901527595,30469477
2024-04-23,72441.703125,73689.04370860927,72441.703125,73305.24660596026,18717699
2024-04-24,75416.140625,75608.03920165396,74072.8505884224,74360.69845340331,22166150
2024-04-25,73209.28125,74360.67230504587,73209.28125,74168.77379587156,15549134
2024-04-26,73593.09375,74744.48504726206,73401.19520045632,74648.53577249023,12755629
2024-04-29,73593.09375,74456.63722294655,73113.34737614081,74264.73867340287,14664474
2024-04-30,74360.6953125,75320.18815524194,73497.15175403225,73880.94889112902,19007007
2024-05-02,74840.421875,75416.11742788462,74168.77706330128,74456.6248397436,18900640
2024-05-03,74456.640625,75799.930533183,74360.69134584407,75799.930533183,13151889
2024-05-07,78006.7578125,78006.7578125,76183.72165206027,76375.62019526446,26238868
2024-05-08,78006.7578125,78102.70708410209,77239.16363968328,77527.01145448955,13089576
2024-05-09,76471.5546875,78198.64124255019,76471.5546875,77814.84423031681,18759935
2024-05-10,75991.8046875,77814.84040601326,75703.95694247159,77143.19566761363,16976124
2024-05-13,75224.2265625,76663.46559111927,74456.63241390306,76183.71924824618,18652344
2024-05-14,75128.28125,75608.02761813537,74744.4841554917,75416.12907088123,11763992
2024-05-16,75032.328125,77047.26276774297,74936.37885629795,76951.31349904092,20989778
2024-05-17,74264.734375,75608.02414405685,74072.8358365633,75416.12560562015,15918201
2024-05-20,75703.9765625,75895.87510891951,74744.4838304024,74936.38237682193,19456783
2024-05-21,75224.2265625,75799.9221739477,75032.32802535077,75320.17583107462,13690583
2024-05-22,74552.578125,75512.07076496139,74168.78106901544,74936.37518098456,19521506
2024-05-23,75128.28125,75895.8754390166,73976.8899664751,74552.58560823754,18728087
2024-05-24,72825.5078125,73880.94995471014,72633.60924118906,73689.05138339922,27891278
2024-05-27,74072.8515625,75032.3444583873,71002.47429566062,72249.81506031411,43825202
2024-05-28,74456.640625,74840.43774162371,73113.350716817,73401.1985542848,18539072
2024-05-29,72153.8515625,75032.32968334442,72153.8515625,74552.58332987034,30244875
2024-05-30,70522.703125,72153.84047619048,70522.703125,71770.04345238095,28551273
2024-05-31,70522.703125,71674.09419642857,70522.703125,71482.1956845238,26198776
2024-06-03,72633.609375,73305.25437582564,71194.37008751651,71386.26865918098,15706268
2024-06-04,72249.796875,73017.39099850597,71865.999813247,71865.999813247,14098053
2024-06-05,74264.734375,74840.42999031008,73689.03875968992,74840.42999031008,23177968
2024-06-07,74168.796875,75416.13757276844,73976.89830611255,75224.23900388098,21189349
2024-06-10,72633.609375,73497.15294749009,72537.66008916777,73017.40651832893,14598755
2024-06-11,72153.8515625,72921.4457280585,72057.90229180518,72825.4964573637,16971175
2024-06-12,73401.1875,73976.88308823529,72153.84705882354,72249.79632352942,19246725
2024-06-13,75416.140625,75799.9377783079,74648.54631838422,75224.24204834606,33763804
2024-06-14,76375.625,77239.16849874372,75799.92933417085,76471.5742776382,22926612
2024-06-17,74936.375,76279.66469270167,74840.4257362356,75991.81690140846,16123051
2024-06-18,76567.515625,76951.312695802,75416.12441259398,75512.07368029449,18207598
2024-06-19,77910.8125,79158.15309421183,77239.16756465517,77814.86322352217,24168863
2024-06-20,78294.609375,78870.30503216911,77910.81227022059,78198.66009880515,20288913
2024-06-21,76759.4140625,77527.00820312499,76759.4140625,77431.05893554687,17907523
2024-06-24,77335.109375,77622.95717664392,76279.66743563896,76471.56597006824,15454227
2024-06-25,77527.0078125,78486.50048344678,76855.36294283725,77335.10927831064,19088458
2024-06-26,78006.7578125,78102.70708410209,76663.46801007073,76855.36655327491,17783242
2024-06-27,78643.8203125,78643.8203125,77583.67077397364,78354.68862017462,11739720
2024-06-28,78547.4375,78932.94639570553,77872.79693251534,78932.94639570553,9455929
2024-07-01,78836.5546875,79125.68630615831,78354.6686564028,78547.42306884169,11317202
2024-07-02,78836.5546875,79607.5723372555,78547.42306884169,79511.19513103606,14471904
2024-07-03,78836.5546875,79318.44071859718,78065.53703774449,79318.44071859718,11440328
2024-07-04,81535.125,81631.50221631206,79414.82624113475,79896.71232269504,43857229
2024-07-05,83944.5703125,83944.5703125,82113.40287743973,82498.91181113663,45791193
2024-07-08,84233.6875,85390.21410183066,83751.80141590389,84715.57358409611,24035809
2024-07-09,84619.203125,85004.71202306378,83751.80810435649,84619.203125,21336201
2024-07-10,84619.203125,84811.95757403188,83944.56255338837,84426.4486759681,17813847
2024-07-11,84426.4453125,85582.97196061644,83559.05032641267,85293.84029858734,24677608
2024-07-12,81342.3828125,82980.79573644846,81053.2511200385,82788.04127480746,26344386
2024-07-15,83559.0390625,84137.30230860726,81053.23166270184,81631.49490880911,25193080
2024-07-16,84522.8203125,84811.95196693273,83559.04813105759,83751.80256734607,16166688
2024-07-17,83559.0390625,84811.94276239908,83269.90743944637,83944.54789323818,18186490
2024-07-18,83751.8046875,83751.8046875,80764.11084939586,80764.11084939586,24721790
2024-07-19,81342.3828125,82980.79573644846,81053.2511200385,82498.90958234596,18569122
2024-07-22,79993.1015625,81824.26894766567,79607.59263930723,81342.3827936747,18987560
2024-07-23,80860.484375,81631.50210443982,80378.59829410013,81149.61602353993,15766389
2024-07-24,79029.3203125,80282.22417111282,78932.94309260671,79896.71529153964,16939083
2024-07-25,77487.2890625,78065.55241371268,77198.15738689365,77487.2890625,20323811
2024-07-26,77969.171875,78354.68075942522,77487.28576946848,77776.41743278739,14508334
2024-07-29,78258.3046875,79029.3224676724,78161.92746497845,78643.8135775862,12797136
2024-07-30,78065.5390625,78065.5390625,77101.76697530864,77487.27581018518,13169636
2024-07-31,80860.484375,80860.484375,77969.16788960072,78258.29953814065,20744323
2024-08-01,80089.4765625,82980.79340591155,80089.4765625,82884.41617779784,20900338
2024-08-02,76716.2734375,78451.06354035804,76619.89620956343,78065.5546286118,25800275
2024-08-05,68813.34375,74114.09151785714,67656.81696428571,73921.33705357142,54608790
2024-08-06,69873.4921875,72572.05464439654,69680.7377262931,72186.54572198275,47295226
2024-08-07,71993.7890625,73246.69302208835,70162.6217369478,70355.37619226908,32710428
2024-08-08,70740.8828125,71222.76893520095,69873.48779163828,70548.12836341962,28414729
2024-08-09,71993.7890625,73053.93856676707,71511.9029241968,72957.56133910643,16388222
2024-08-12,72764.8046875,73150.31358650663,72090.16411423842,72475.67301324503,9839259
2024-08-13,73343.0703125,73824.9564512155,72764.8069460414,73728.5792234724,10716261
2024-08-14,74403.2265625,74981.48998137953,74210.47208954016,74595.98103545984,13246168
2024-08-16,77294.53125,77294.53125,75848.87293485038,76523.5134819202,22061478
2024-08-19,75463.3671875,77198.15723778735,75174.23551245211,77198.15723778735,14146565
2024-08-20,76041.6328125,76909.02786359316,75848.87835670152,76619.89617989544,10683836
2024-08-21,75463.3671875,75752.49886254789,74981.48106242018,75077.85828743615,7805598
2024-08-22,75463.3671875,76041.63053759579,74981.48106242018,75848.87608756385,8149101
2024-08-23,74885.09375,75559.73423423423,74692.33932593308,74885.09375,9420306
2024-08-26,73343.0703125,75366.99209510512,73246.6930847569,75270.61486736202,15655938
2024-08-27,73053.9296875,73728.57019912598,72861.17525560685,72957.55247155343,11130145
2024-08-28,73632.203125,73632.203125,72668.43083278796,73053.93974967278,9794514
2024-08-29,71319.1328125,71993.77325802365,70837.2467799831,70933.62398648649,16884479
2024-08-30,71608.28125,72282.92185397039,71415.52679172275,71704.65847913863,16358520
2024-09-02,71704.65625,71993.78792842742,70837.26121471774,71801.03347614247,12641376
2024-09-03,69873.4921875,71608.28233836207,69873.4921875,71415.52787715517,16314599
2024-09-04,67464.0546875,68524.20411830356,67271.3002455357,67271.3002455357,27366563
2024-09-05,66500.2734375,68620.57201086957,66500.2734375,67560.42272418478,25686769
2024-09-06,66403.9140625,67174.9319326016,65536.5189586357,66596.6685300254,19022299
2024-09-09,65054.62109375,65729.2616087963,64187.22614583334,64476.35779513889,23263298
2024-09-10,63801.72265625,64861.87212636896,63608.96820713746,64572.74045270015,30651376
2024-09-11,62548.81640625,63127.07973203968,61874.17585949538,62741.570848179894,35809707
2024-09-12,63898.1015625,64187.233243778275,62837.952064479636,63608.96988122172,35884106
2024-09-13,62066.9375,63127.08705357143,61970.56026785714,62645.20089285714,25045135
2024-09-19,60814.0234375,62066.92724841522,59946.62849148178,61681.41838351823,49402713
2024-09-20,60717.6484375,62356.06117311508,60717.6484375,61488.666195436504,32746056
2024-09-23,60332.1328125,61199.52769319089,59946.62397663738,60043.00118560303,28542376
2024-09-24,60910.40625,61103.16070015823,60139.38844936709,60524.897349683546,26957500
2024-09-25,59946.62890625,61874.17324407154,59946.62890625,61488.66437650723,28652438
2024-09-26,62356.05859375,62548.81302526082,61392.28643619591,61585.040867706724,37566015
2024-09-27,62221.34375,63384.35952102803,62221.34375,62705.933654595014,28433030
2024-09-30,59604.55859375,62318.26207444106,59604.55859375,62221.344092987805,32694163
2024-10-02,59410.7265625,59992.234489702285,58053.874732361335,58635.38265956362,28473536
2024-10-04,58732.29296875,59798.39069590553,58635.37499355404,59119.964869533826,24247578
2024-10-07,59119.9765625,59992.23851178279,57666.20664702869,58344.63260758197,35066533
2024-10-08,58441.55078125,59119.97674388474,58053.878802601575,58150.796797263676,27411786
2024-10-10,57084.69140625,58344.62517243208,57084.69140625,58247.70719041808,45262214
2024-10-11,57472.36328125,58247.70713664629,57181.609335476394,57278.52731740093,29623969
2024-10-14,57472.36328125,59313.80493781619,57569.28126317453,57666.19924509907,20886249
2024-10-15,59119.9765625,59507.64853995902,58247.71461321721,59216.894556864754,22715239
2024-10-16,57666.19921875,58150.789128151264,57375.445273109246,57569.28123686975,23303268
2024-10-17,57860.03515625,58247.70708359506,57278.52726523241,57569.2812107412,23372873
2024-10-18,57375.44140625,58247.70318438556,57278.5234309016,58053.86723368877,14420260
2024-10-21,57181.61328125,57763.121212923725,56697.023338188555,57181.61328125,18514905
2024-10-22,55921.67578125,57084.69156872833,55921.67578125,56987.773586438474,27582527
2024-10-23,57278.52734375,58150.78918147208,55340.167704367595,55727.83963224408,27300780
2024-10-24,54855.578125,56697.01979350707,54855.578125,56406.26584584806,31499922
2024-10-25,54177.15625,55146.33614713775,54080.23826028623,54274.07423971377,25829315
2024-10-28,56309.3515625,56697.02351817986,53983.31982842083,53983.31982842083,27775009
2024-10-29,57763.12109375,57763.12109375,55534.007360266354,56212.43327915268,28369314
2024-10-30,57278.52734375,57956.95321753384,56793.9374339044,57278.52734375,19838511
2024-10-31,57375.44140625,59313.80091321791,56503.17962811444,56697.01557881123,35809196
2024-11-01,56503.19140625,57763.12534841338,56309.35541514794,57181.617375107206,19083180
2024-11-04,56890.85546875,57569.281343164395,56600.1015225724,56793.9374866908,15586947
2024-11-05,55824.76171875,56309.35166422526,55437.08976236979,56018.5976969401,17484474
2024-11-06,55534.00390625,56212.429782940664,54564.824082406194,55824.75785340314,22092218
2024-11-07,55534.00390625,56309.347765325045,55049.4139943281,55146.33197671248,17043102
2024-11-08,55243.25,56503.18377192983,55243.25,56212.429824561405,13877396
2024-11-11,53304.890625,55049.41431818182,53304.890625,54952.496335227275,29811326
2024-11-12,51366.53125,52917.21898584906,51366.53125,52917.21898584906,37962881
2024-11-13,49040.5,51366.53162055336,48943.58201581027,50397.35177865613,52527995
2024-11-14,48362.078125,50203.51997745491,48362.078125,48652.83210170341,48510715
2024-11-15,51851.11328125,52529.5390625,48749.73828125,48749.73828125,46774485
2024-11-18,54952.4921875,55727.83599261464,54177.148382385356,55243.24611441798,48095234
2024-11-19,54564.82421875,55727.84001026865,54177.152288243786,54758.66018400311,31539632
2024-11-20,53595.6484375,54758.664316794755,53111.05848779385,54370.992357029834,20864667
2024-11-21,54661.7421875,55146.33210050975,53014.13648326685,53207.97244847075,19096850
2024-11-22,54274.0703125,54952.49619140625,54177.15232979911,54274.0703125,15281543
2024-11-25,56115.51171875,56115.51171875,54952.495931832906,55630.92180753454,36237325
2024-11-26,56503.19140625,57084.69937955617,55727.84744184177,56115.51942404588,23209405
2024-11-27,54564.82421875,56018.59395814832,54274.07027087034,55921.67597552176,21808387
2024-11-28,53789.48046875,54661.74231418919,53498.72652027027,54274.070382882885,20001134
2024-11-29,52529.54296875,53595.640704278136,52141.87106492159,53401.80475236393,24513531
2024-12-02,51948.03515625,52723.37896455224,51463.4452760611,52626.46098851446,22044867
2024-12-03,51948.03515625,52723.37896455224,51463.4452760611,51463.4452760611,23374603
2024-12-04,51463.44921875,51754.20316913842,50397.35140065913,50397.35140065913,29004766
2024-12-05,52044.9609375,52723.38687150838,51560.37098463687,51560.37098463687,23588277
2024-12-06,52432.62890625,52723.38285582255,51075.777141578095,52238.7929398683,22861874
2024-12-09,51754.203125,52917.21892556179,51560.3671582397,51851.121108380146,26227680
2024-12-10,52335.70703125,52820.29691116898,52044.95310329861,52820.29691116898,20783970
2024-12-11,52335.70703125,52529.542983217594,51754.199175347225,51948.03512731482,14565947
2024-12-12,54177.15625,54758.66418828265,52238.79645572451,52335.71444543829,33476698
2024-12-13,54370.99609375,54564.832086954106,53789.488114137705,54080.242103943856,15908823
2024-12-16,53886.39453125,54855.5742890063,53498.72262814748,54564.820361679405,15277277
2024-12-17,52529.54296875,53498.72272832103,52335.70701683579,53014.13284853552,20215230
2024-12-18,53207.97265625,53692.5625711521,52335.71080942623,52432.62879240665,13698937
2024-12-19,51463.44921875,52141.87510298964,51463.44921875,51851.12115260122,22481925
2024-12-20,51366.53125,51463.449233490566,50300.43343160377,51075.7772995283,24674774
2024-12-23,51851.11328125,52335.703125,51657.27734375,51754.1953125,13672650
2024-12-24,52723.3828125,52820.30079561121,51948.038947610294,52044.956930721506,11634677
2024-12-26,51948.03515625,52917.214916627796,51851.11718021222,52820.29694059002,10517075
2024-12-27,52399.83203125,52790.147353642926,51911.93787825885,52204.67437005354,10747196
2024-12-30,51911.93359375,52692.564174107145,51814.35477120536,52009.512416294645,12624702
2025-01-02,52107.09375,52302.25140449438,51033.7266502809,51424.04195926966,16630538
2025-01-03,53082.87890625,53765.930656881894,51521.617761948524,51521.617761948524,19318046
2025-01-06,54546.56640625,54839.30289859124,52985.30511376342,53082.88394454383,19034284
2025-01-07,54058.671875,55912.66964688628,54058.671875,55424.77549638989,17030235
2025-01-08,55912.66796875,56107.82562309119,53375.61846231457,53473.197289485164,26593553
2025-01-09,54741.7265625,56302.98792613637,54741.7265625,56205.409090909096,24490592
2025-01-10,53961.09375,55132.039726491865,53863.51491862568,54741.72440099458,16059223
2025-01-13,52790.14453125,53668.353959681146,52790.14453125,53278.03865815619,16868600
2025-01-14,52594.98828125,53278.04007711039,52399.83062528989,52887.72476519017,17465926
2025-01-15,52399.83203125,53375.62033723231,52204.67437005354,52790.147353642926,18625025
2025-01-16,52985.30078125,53668.35254086096,52790.14313564687,52887.721958448434,18627298
2025-01-17,52399.83203125,52790.147353642926,51911.93787825885,52497.410861848235,18805344
2025-01-20,52107.09375,52594.987886235955,52009.51492275281,52302.25140449438,11822531
2025-01-21,52204.66796875,52985.29851781542,52009.510331483645,52399.825606016355,13535702
2025-01-22,52985.30078125,53082.879604051566,51814.35490763122,52107.09137603591,18341991
2025-01-23,52399.83203125,52790.147353642926,52204.67437005354,52399.83203125,15588067
2025-01-24,52399.83203125,52497.410861848235,51911.93787825885,52302.25320065177,11867631
2025-01-31,51131.30078125,51716.773690958966,50448.2490532562,50936.14314468034,42186279
2025-02-03,49765.19921875,50155.51450674019,49570.0415747549,49862.778040747544,32344897
2025-02-04,51424.0390625,52302.248458254275,50253.09320149431,50350.672023244784,27214851
2025-02-05,51619.19921875,52497.40865725426,51521.620392249526,52302.25100425331,15974885
2025-02-06,52692.56640625,52692.56640625,51911.93579282407,52107.09344618055,16466025
2025-02-07,52399.83203125,52887.72618424115,52302.25320065177,52594.98969244646,14476866
2025-02-10,54253.82421875,54546.56068036196,51619.19606424236,51716.774884779676,27577591
2025-02-11,54351.40625,54936.879207809696,53668.35446588869,54156.24859739676,24596196
2025-02-12,54448.984375,54546.5632000448,53180.459649417564,53765.93259968638,26428596
2025-02-13,54448.984375,55034.45732526881,54253.826724910396,54741.72085013441,22448377
2025-02-14,54644.140625,55912.66531808036,54644.140625,54644.140625,23979779
2025-02-17,54644.140625,55132.03473772322,54351.40415736607,54741.719447544645,11916027
2025-02-18,55522.359375,55815.09589191564,54546.57098528119,54839.30750219683,22131007
2025-02-19,57278.76953125,57473.92717871593,55912.6659989885,56010.24482272146,25395151
2025-02-20,56986.03125,57669.08299443493,56693.294788099316,57669.08299443493,21589059
2025-02-21,56790.875,57083.611469072166,55717.50794673539,56986.03264604811,22198428
2025-02-24,55912.66796875,56302.98327743237,55815.0891415794,55912.66796875,14138471
2025-02-25,55815.0859375,56400.55886691433,55132.034186516605,55229.61300808566,14625181
2025-02-26,55229.61328125,55717.50739150839,54741.71917099161,55619.928569456715,18117091
2025-02-27,54936.87890625,55717.50951237789,54839.30008048401,55132.03655778197,14975356
2025-02-28,53180.46484375,54351.41085865826,53180.46484375,54058.674354931194,28036698
2025-03-04,53180.46484375,53668.35901662844,52497.41300172019,52594.99183629587,18553933
2025-03-05,52692.56640625,54058.66997974537,52692.56640625,53765.93349971065,16578817
2025-03-06,52985.30078125,53180.45842685313,52692.5643128453,52790.14313564687,12258101
2025-03-07,52399.83203125,52887.72618424115,52107.09553945531,52204.67437005354,14274992
2025-03-10,52399.83203125,53473.19916783054,52204.67437005354,52204.67437005354,12921670
2025-03-11,52302.24609375,52790.14018044543,51228.87910302006,51228.87910302006,17740891
2025-03-12,53570.7734375,53961.088726662114,52302.24874772313,52497.40639230419,17973221
2025-03-13,53375.6171875,54546.563085580434,52887.72306329982,54448.9842607404,24132151
2025-03-14,53375.6171875,53765.93248686015,53082.88071297989,53180.45953781992,10845154
2025-03-17,56205.40625,56400.563910590274,54058.671983506945,54156.25081380208,35559021
2025-03-18,56205.40625,57571.509874131945,55912.66975911458,57376.352213541664,28138594
2025-03-19,57083.609375,57766.66111111111,56010.24236111111,56010.24236111111,29421759
2025-03-20,58742.453125,58840.03195078904,57083.61308658638,57766.66486710964,34989004
2025-03-21,60206.1328125,60206.1328125,58937.608134116694,59425.5022411872,40155612
2025-03-24,59035.19140625,60108.55852272727,59035.19140625,59718.24320764463,14088094
2025-03-25,58352.140625,59620.665421195656,58059.404133570235,59425.50776024247,17259455
2025-03-26,59913.40234375,59913.40234375,58254.56221371132,58352.141044890064,16431645
2025-03-27,60303.71484375,60498.87249696602,59327.9265776699,59425.50540427791,20389790
2025-03-28,59091.45703125,59974.88412972384,58895.13989825582,59582.249863735466,16282514
2025-03-31,56735.65234375,58600.66513705666,56735.65234375,58404.34800091912,17633494
2025-04-01,57717.2421875,58502.51078869047,56833.81501116072,57619.08361235119,13841706
2025-04-02,57717.2421875,58306.193638392855,57226.449311755954,57717.2421875,14402297
2025-04-03,56539.3359375,56735.653076171875,55852.22595214844,55852.22595214844,19508076
2025-04-04,55066.9609375,57128.29102606952,54674.32663491533,55165.119513146165,23527139
2025-04-07,52220.35546875,53103.78253495066,52122.19690583881,52318.51403166119,31998883
2025-04-08,52514.828125,54281.682155373834,52318.51101051402,53987.206483644855,25532845
2025-04-09,52024.04296875,53300.10440005897,51925.88439711085,52318.518683667455,20576960
2025-04-10,55361.4296875,55655.90537732713,53987.20980164007,55557.74681405142,22948172
2025-04-11,54183.52734375,54674.32016389266,53790.89308763587,54576.161599864135,13930480
2025-04-14,55165.11328125,55655.90610403692,54772.47902302046,55263.27184580739,12852613
2025-04-15,55557.74609375,56048.53890376546,55165.111845737636,55263.270407740725,8998640
2025-04-16,53692.734375,55165.11283135283,53496.417247486286,54968.795703839125,14437025
2025-04-17,54085.3671875,54281.68430977767,53496.41582066697,53692.73294294465,10867069
2025-04-18,54281.69140625,54576.16712816456,53889.05711036392,54281.69140625,5848342
2025-04-21,54379.84765625,54968.799074909744,54085.371946920124,54183.53051669675,5941847
2025-04-22,53987.2109375,54478.00376420454,53692.73524147727,53889.05237215909,9532469
2025-04-23,54674.3203125,55066.95456968133,54478.003183909335,54968.796005386,11148692
2025-04-24,54674.3203125,54772.478876795336,54183.52749102334,54576.16174820467,10580377
2025-04-25,54674.3203125,55361.43026256733,54576.16174820467,55361.43026256733,12183303
2025-04-28,54772.48046875,54870.6390358983,54478.00476730511,54772.48046875,9341518
2025-04-29,54772.48046875,55459.59043878808,54576.163334453406,54674.3219016017,10295518
2025-04-30,54478.00390625,54968.79673423424,54281.6867750563,54870.638168637386,13014189
2025-05-02,53300.1015625,54478.00435946132,53201.94299608655,53987.2115273941,22454204
2025-05-07,53594.58203125,53987.21633184524,53300.10630580357,53496.42345610119,17136991
2025-05-08,53594.58203125,54478.00920758928,53496.42345610119,54085.374906994046,16320532
2025-05-09,53790.8984375,53987.215585082115,53398.26414233576,53692.73986370894,7814322
2025-05-12,56539.3359375,56539.3359375,53987.213134765625,54183.5302734375,15414702
2025-05-13,55852.23046875,57128.291973308435,55754.07189147628,56637.4990869398,16842801
2025-05-14,56343.01953125,56833.81238430967,55950.38524880226,56441.17810186193,12468089
2025-05-15,56244.859375,57520.9207569808,56048.54223931064,56343.01794284468,13139736
2025-05-16,55754.0703125,56441.180333956865,55655.91173800616,56343.02175946302,10385352
2025-05-19,54772.48046875,55361.43187163978,54478.00476730511,55361.43187163978,9802105
2025-05-20,54870.640625,55655.909184928445,54674.323485017885,55165.116334973165,9080577
2025-05-21,54674.3203125,55557.747391157995,54674.3203125,55165.113133976665,7794181
2025-05-22,53692.734375,54478.00288505485,53496.417247486286,54281.685757541134,15254278
2025-05-23,53201.9375,54183.52306273063,53103.77894372694,53987.20595018451,11247115
2025-05-26,53692.734375,53987.21006627057,52711.148737431446,52907.46586494516,10901337
2025-05-27,52907.46875,53496.420164656774,52809.31018089054,53201.94445732838,13439520
2025-05-28,54870.640625,55066.95776498211,53201.94493515206,53300.10350514311,17516283
2025-05-29,55066.9609375,55361.4366644385,54576.16805926916,55165.119513146165,12936810
2025-05-30,55165.11328125,56146.69892682385,54772.47902302046,55165.11328125,26219683
2025-06-02,55754.0703125,56244.86318496919,55165.11886553697,55263.277440030804,12870515
2025-06-04,56735.65234375,56833.81091181877,55754.06666306228,56146.700935337365,19649983
2025-06-05,58011.7109375,58796.97944426819,56833.80817734772,57030.125304039764,23266027
2025-06-09,58698.82421875,59287.77563231605,58404.34851196697,59287.77563231605,19609659
2025-06-10,58109.8671875,58993.2942224451,57717.23294974662,58895.13566300676,15305760
2025-06-11,58796.984375,58993.30151815526,58306.19151711185,58404.35008868948,13610734
2025-06-12,58404.34765625,58895.14049369748,58208.03052127101,58600.66479122899,17755115
2025-06-13,57226.44921875,59091.46214354631,56637.497768814326,59091.46214354631,20705979
2025-06-16,56146.69921875,57030.1263043597,55852.22352354677,56931.967739291955,22200872
2025-06-17,57030.12890625,58698.824588532705,56343.01891942771,56735.65319761188,28637003
2025-06-18,58698.82421875,58698.82421875,56833.81140912416,56931.969978051835,17620705
2025-06-19,58109.8671875,59484.08701963683,57913.55006862331,59385.92846019848,16876278
2025-06-20,58404.34765625,58698.82335871849,58011.71338629202,58306.189088760504,18072251
2025-06-23,56931.96875,57422.761584051725,56539.33448275862,57324.60301724138,16551694
2025-06-24,59385.93359375,59484.09216167355,58208.03077866736,58306.18934659091,23737899
2025-06-25,60171.203125,60465.67883360523,59189.61742964927,60367.52026407015,23933612
2025-06-26,59091.45703125,60171.20126271802,58796.981331758725,60171.20126271802,19402300
2025-06-27,60046.4765625,60836.56178042763,59256.39134457237,59355.15199681332,17340470
2025-06-30,59058.8671875,60441.5162520903,59058.8671875,60441.5162520903,17110294
2025-07-01,59453.91015625,60342.75598915075,59453.91015625,59651.43145245017,13650991
2025-07-02,60046.4765625,60145.237214740955,59058.87004009046,59453.91264905428,15047951
2025-07-03,63009.29296875,63009.29296875,60342.75549201606,60540.27678658895,32040639
2025-07-04,62515.484375,63898.13331852291,62219.20245853081,63898.13331852291,23748959
2025-07-07,60935.31640625,62515.486685828604,60935.31640625,62120.444115933955,17164708
2025-07-08,60639.0390625,61626.64556188925,60243.9964627443,60836.56036237785,20213724
2025-07-09,59651.43359375,60639.04011020282,59453.91229045944,60639.04011020282,17533415
2025-07-10,60244.0,60441.52131147541,59651.43606557377,59848.95737704918,14768473
2025-07-11,61824.16015625,62021.68143470447,60441.51120706869,60540.27184629593,19140650
2025-07-14,61725.40625,61824.166900000004,61034.0817,61527.88495000001,13563846
2025-07-15,62910.53125,63009.291895604394,61231.60027472527,61527.88221153846,18442202
2025-07-16,63898.13671875,63898.13671875,62317.96641349498,62910.53027796561,23042660
2025-07-17,65873.3515625,65972.11220952024,63601.85668103448,65083.26638633808,39448683
2025-07-18,66268.390625,66959.71511736214,65478.30549087183,66169.62998323397,23951531
2025-07-21,66959.71875,67947.32522123893,66367.15486725664,66564.67616150442,17723148
2025-07-22,65182.02734375,67651.04353101326,64786.98475378788,67256.00094105114,20829006
2025-07-23,65577.078125,65675.8387848268,64095.66822759789,65379.55680534639,15687058
2025-07-24,65182.02734375,65972.11252367425,65083.266696259474,65675.83058120265,12660193
2025-07-25,65083.2734375,65478.316068380125,64688.23080661988,64885.752122059945,8080910
2025-07-28,69527.5,69527.5,66367.15909090909,67354.765625,35332500
2025-07-29,69725.0234375,69922.5447503541,67947.33162181303,69922.5447503541,28190940
2025-07-30,71700.2265625,72786.59363162878,69725.01370953857,70120.05628013086,34761444
2025-07-31,70515.109375,73082.88646708684,70120.06674544819,72095.27989320729,26568072
2025-08-01,68046.09375,71107.67416545718,67947.33309143686,69329.98231132075,24038534
2025-08-04,68836.171875,69329.97511657102,67848.56539185796,68638.65057837158,14780072
2025-08-05,69033.6953125,70613.86573453147,68836.17400974607,70120.06247764664,14392903
2025-08-06,67947.328125,68539.89203306686,67453.52486827761,68342.37073037791,12542415
2025-08-07,69626.2578125,70120.06105939717,68836.17261746453,69922.53976063829,15008213
2025-08-08,70910.1484375,71502.7123520195,69823.78126088092,70120.06321814067,22241128
2025-08-11,70120.0546875,71206.42173195422,69922.53340669014,71107.6610915493,11354253
2025-08-12,70218.8203125,71502.70872890296,70218.8203125,70218.8203125,15797656
2025-08-13,71008.90625,71206.42754694019,70515.10300764951,71008.90625,12305742
2025-08-14,70712.625,71008.90694832403,70317.58240223464,71008.90694832403,11946122
2025-08-18,69132.453125,70317.58089285715,69132.453125,70218.82024553571,13595591
2025-08-19,69132.453125,69823.77765625001,68836.17118303571,69527.49571428572,10533082
2025-08-20,69626.2578125,69823.77911125886,68539.89066932624,69231.21521498227,17445516
2025-08-21,69725.0234375,71008.9119710517,69725.0234375,70613.86934534348,18843833
2025-08-22,70515.109375,70910.15200455183,69922.54543067227,70811.39134716387,9277432
2025-08-25,70613.859375,70910.14130244755,70120.05616258741,70811.38065996503,10345178
2025-08-26,69428.734375,70218.81954569701,69428.734375,69922.53760668563,14712519
2025-08-27,69725.0234375,70021.30540678116,68934.93818608357,69231.22015536473,10523405
2025-08-28,68737.4140625,69527.4992816092,68737.4140625,69231.21732444325,11578024
2025-08-29,68836.171875,69626.25706151362,68836.171875,69231.21446825682,11682267
2025-09-01,66762.1953125,67749.80175203402,66663.4346685466,67552.28046412722,12002343
2025-09-02,68243.6171875,68638.65983402678,66959.728586288,66959.728586288,10604028
2025-09-03,68934.9296875,68934.9296875,67947.32324498567,68342.3658219914,10283009
2025-09-04,69231.2109375,69231.2109375,68441.12579128031,68638.64707783524,12284414
2025-09-05,68638.6484375,69527.49424460431,68638.6484375,69428.7335993705,11526724
2025-09-08,69231.2109375,69626.25351060984,68737.4077211127,68934.92900766761,9263135
2025-09-09,70613.859375,70613.859375,69132.44973776223,69231.21038024475,14870245
2025-09-10,71700.2265625,71897.74784779614,70712.62013601928,70910.14142131543,21928565
2025-09-11,72490.3203125,72687.8416212534,71206.43180560286,72292.7990037466,20793501
2025-09-12,74465.53125,74663.0525530504,73280.40343169762,73675.4460377984,28219678
2025-09-15,75551.890625,76638.25767973856,74959.32677696079,76243.21511437908,19908805
2025-09-16,78415.9609375,78514.72159359256,75749.42322300063,75946.94453518577,28218265
2025-09-17,77230.8203125,78119.66607057225,76144.45327485613,78119.66607057225,20856317
2025-09-18,79304.8046875,79502.32599431818,77625.87357954546,78119.67684659091,25619035
2025-09-22,82465.140625,82958.94386227545,80094.88508607785,80489.9276758982,27529656
2025-09-23,83650.2578125,84835.38543203955,82563.89082792208,84736.62479707792,23610263
2025-09-24,84341.59375,84440.35439841921,82662.66272687353,83156.46596896955,18300997
2025-09-25,85032.9140625,85131.67470601045,83057.70119229094,83353.9831228223,19665151
2025-09-26,82267.609375,84242.82208508403,81378.76365546219,83946.54017857142,24071193
2025-09-29,83527.4765625,84321.08679112233,82535.46377672208,82634.66505529988,13069094
2025-09-30,83229.875,84221.88781287246,82733.86859356376,83924.28396901072,16319061
2025-10-01,85313.1015625,85511.50412427326,84023.48491097384,84221.8874727471,22039361
2025-10-02,89033.1484375,89578.75547527855,87991.53500174095,88586.74267931755,49883028
2025-10-10,93646.0078125,93745.20909196239,91959.5860616393,93249.20269465042,35269748
2025-10-13,92554.796875,92653.99815782423,89975.5635215702,90570.77121851554,23883308
2025-10-14,90868.3671875,95233.22325327511,89479.54934838974,94538.81433371997,35545235
2025-10-15,94241.21875,94538.82259868422,91364.38154605264,91562.7841118421,21050111
2025-10-16,96919.6484375,96919.6484375,94241.2139361566,94538.8177696392,28141060
2025-10-17,97118.0546875,98308.47006671347,95927.63930828651,96423.64571629213,22730809
2025-10-20,97316.453125,97514.85567979103,95233.22629969419,97118.05057020897,17589756
2025-10-21,96721.2421875,99102.07276442308,96522.83963942308,97713.25492788461,22803830
2025-10-22,97812.453125,97812.453125,94737.21372654664,96324.43406123224,15937611
2025-10-23,95729.234375,97713.25995790157,95530.83181670985,96026.83821243524,18488581
2025-10-24,98010.859375,98209.2619243421,96919.64535361843,97118.04790296052,18801925
2025-10-27,101185.3046875,101185.3046875,99796.48678002451,100490.89573376226,22169970
2025-10-28,98705.2734375,100193.29263505025,98308.46831815327,100094.09135521358,20002282
2025-10-29,99697.2890625,100193.29547574627,98308.47110541044,99399.68521455224,20899788
2025-10-30,103268.5390625,104954.9609299952,101185.3120497118,101582.1171950048,34570017
2025-10-31,106641.375,107732.58906976745,102474.92127906976,104161.34302325582,54824564
2025-11-03,110212.625,110609.43013051305,105649.3659990999,106046.17112961295,30110066
2025-11-04,104062.1484375,111502.24484628218,104062.1484375,110907.0371335796,30450281
2025-11-05,99796.484375,101185.30224900597,95927.63458312624,100193.28948185884,44843020
2025-11-06,98407.671875,102970.9308530746,98010.86674647177,102871.72957094255,28655689
2025-11-07,97118.0546875,99498.88544592696,95530.83418188202,95630.03546348315,22908083
2025-11-10,99796.484375,100193.28948185884,97118.04990370278,97812.45884070576,23842327
2025-11-11,102673.328125,105153.360205314,101185.3088768116,102871.73069142512,27742542
2025-11-12,102276.515625,103070.1258335354,100788.49648399612,102177.31434893307,19413497
2025-11-13,101978.9140625,103367.7319582928,101482.90767114543,101681.31022768725,20838741
2025-11-14,96423.640625,98804.47125771605,96423.640625,98209.26359953704,21806342
2025-11-17,99796.484375,100193.28948185884,98705.27033113816,99002.8741612823,17192584
2025-11-18,97018.8515625,100094.09123370399,96721.24772335123,99002.87715682515,18684068
2025-11-19,95729.234375,96721.24716645078,93844.41007124353,96324.44204987047,18993346
2025-11-20,99796.484375,102078.11373943837,98705.27033113816,100094.08820514413,25360435
2025-11-21,94042.8125,96026.83808016877,93745.20866297468,94836.42273206751,23103574
2025-11-24,95927.640625,98209.27013314374,95431.63421018614,97018.85473759047,29831172
2025-11-25,98506.8671875,100590.09398602719,97018.84804569486,100590.09398602719,16110054
2025-11-26,101978.9140625,102078.1153407709,98506.86932301799,99697.28466226897,21314975
2025-11-27,102673.328125,104657.35378925121,101879.71785929952,103268.53582427536,16453004
2025-11-28,99697.2890625,102970.93138992538,99697.2890625,102970.93138992538,15292277
2025-12-01,99994.890625,101978.91623263889,99102.0791015625,101185.30598958333,10905526
2025-12-02,102574.125,102673.32628143133,100193.29424564796,100391.69680851063,13649487
2025-12-03,103665.3359375,104657.34872159091,103169.32954545454,103863.73849431818,14697927
2025-12-04,104260.546875,104260.546875,102375.72252616555,103070.13149678877,11931145
2025-12-05,107534.1796875,107534.1796875,103764.53132207102,104458.94023149216,19755571
2025-12-08,108625.3984375,109121.40482305936,107137.37928082192,108823.80099172374,15527762
2025-12-09,107534.1796875,108526.19241524446,106442.96568698109,108030.18605137223,13671800
2025-12-10,107137.3828125,108923.005859375,106542.17513020833,107434.98665364583,12365092
2025-12-11,106442.96875,109617.40957013048,106442.96875,108327.79298695247,22994507
2025-12-12,108030.1953125,108030.1953125,105946.96840564738,106244.57224948348,14210314
2025-12-15,103962.9375,104954.95026240459,103764.53494751909,104458.94388120229,20594654
2025-12-16,101978.9140625,104756.5498540856,101879.71278422908,104062.1409061892,18852079
2025-12-17,107038.1796875,107236.58224484476,102574.12214724282,102673.3234259152,22297611
2025-12-18,106740.578125,107335.78580971189,104855.75379007899,105550.16275557621,20445631
2025-12-19,105450.9609375,108823.80446701552,105351.75965722013,108823.80446701552,25917098
2025-12-22,109617.4140625,109617.4140625,108426.99870616515,108823.80382494343,24859171
2025-12-23,110609.4296875,111601.4425098094,109518.21558295964,110014.22199411434,20419187
2025-12-24,110212.625,111502.24167416741,110014.22243474347,111502.24167416741,12492939
2025-12-26,116065.4921875,116065.4921875,111502.23352029914,111502.23352029914,34018174
2025-12-29,119121.8046875,119321.1717246339,117825.9189461297,119022.12116893305,19676004
2025-12-30,119520.53125,120816.41690992494,118324.32910237699,118723.06315158465,19746349
2026-01-02,128093.3125,128093.3125,119819.5810311284,119819.5810311284,30463279
2026-01-05,137662.9375,138161.35508689357,133177.179217958,134174.01439174512,42863376
2026-01-06,138460.390625,138859.1246512779,132280.01321769258,134871.78438849893,45321341
2026-01-07,140553.765625,143943.00536347518,137164.52588652482,143045.85366799645,46317413
2026-01-08,138360.703125,144042.6628354647,137862.28560653818,137862.28560653818,41449329
2026-01-09,138560.078125,140254.69778552157,134772.10476618705,135569.57284172662,29520566
2026-01-12,138360.703125,141550.57524315562,136466.7165548451,140553.740206232,26271134
2026-01-13,137164.515625,139756.28699582122,136466.73102516352,139357.5529387718,22384699
2026-01-14,139855.96875,139855.96875,136367.0457947256,136566.41282074127,18444394
2026-01-15,143444.578125,143544.26164002778,137862.30128344335,138560.08588863793,24701126
2026-01-16,148428.75,149026.8510745467,143843.3084284755,144840.14355271996,30000219
2026-01-19,148827.484375,150123.3700393503,146136.02953365707,146734.13060951105,22762497
2026-01-20,144740.453125,148827.47693913567,143444.567525396,148030.0088778409,24059218
2026-01-21,149026.859375,149325.90992892976,141351.2284908027,141450.91200877927,31703610
2026-01-22,151818.0,156503.12541037425,150322.747209455,154509.45502298095,32073624
2026-01-23,151618.625,155506.28205128206,149624.95471729126,154210.39636752137,25407497
2026-01-26,151618.625,155905.0161078238,151020.52391518737,154409.76339579225,20561689
2026-01-27,158995.203125,158995.203125,148727.80129310343,150023.6869612069,29423670
2026-01-28,161886.03125,162783.182901016,159692.99388084974,162085.3982835591,29456431
2026-01-29,160191.40625,166072.73354853765,156602.79976275668,165673.9994943995,36087223
2026-01-30,159992.046875,165973.05797313084,159593.31280179127,159593.31280179127,40557267
2026-02-02,149924.0,159094.88297872338,149924.0,155207.2260638298,39748369
2026-02-03,166969.875,166969.875,156702.47373134329,157400.2582835821,36529813
2026-02-04,168564.828125,168863.87867755766,162583.81707384685,162982.55114392372,29943042
2026-02-05,158795.828125,163480.95299748902,157998.3600615976,161487.28283898305,38435228
2026-02-06,158098.046875,159792.66654516078,151120.20117433797,153612.2889245744,36358081
2026-02-09,165873.359375,168166.08008751503,164477.79024564303,168066.39657827525,25098971
2026-02-10,165275.265625,167567.98643885707,164976.21508406213,166870.20184333535,19369566
2026-02-11,167268.9375,168066.4056168057,161487.29365315853,163480.9639451728,22760242
2026-02-12,178034.75,179031.58510638296,169561.65159574468,170658.17021276595,41296011
2026-02-13,180626.515625,183816.3878656181,178333.79495205573,178931.89599717164,34454192
2026-02-19,189398.671875,190295.82347861843,186507.85004111842,187405.00164473685,27049388
2026-02-20,189498.359375,189697.72640222253,188003.10667083116,189398.67586138874,24213880
2026-02-23,192389.171875,196974.61327720206,189897.08415641193,193784.74099740933,26364684
2026-02-24,199367.015625,199367.015625,191392.33500000002,192389.170078125,28060617
2026-02-25,202855.9375,205348.0251842752,200363.84981572483,201859.10242628993,26987996
2026-02-26,217310.0625,218306.89764908256,205348.04071100918,205846.45828555044,30095763
2026-02-27,215814.8125,222294.2410508083,209335.3839491917,209335.3839491917,51774768
2026-03-03,194482.53125,211827.46227895952,194482.53125,208836.95692913892,54879010
2026-03-04,171655.0,195279.9912891986,171355.9494773519,183617.02090592333,89427954
2026-03-05,190993.609375,199067.97386319155,187504.68644800366,194382.84878979647,53959129
2026-03-06,187604.375,189099.62772316684,180427.16192879915,185511.0211875664,29522650
2026-03-09,172950.890625,174944.5608339337,166770.51297730548,172950.890625,43066020
2026-03-10,187305.328125,190893.9347309074,183716.7215190926,187006.27757450772,33530170
2026-03-11,189398.671875,194183.48042763158,187105.95111019738,192389.17722039475,24311356
2026-03-12,187305.328125,189398.681978446,185311.6577883848,186009.4424062001,20440753
2026-03-13,182919.234375,185610.68904972752,179330.62814202998,179430.31164850137,19566331
2026-03-16,188102.796875,188401.84742647057,183018.9375,184015.77267156861,19747901
2026-03-17,193286.328125,197373.3520822589,192488.86003577875,197373.3520822589,20300082
2026-03-18,207840.109375,208338.5269034772,199067.96087380094,199865.4289193645,25148481
2026-03-19,199865.4375,204351.1954488778,198968.28591022445,199267.33644014964,19884483
2026-03-20,198768.921875,201859.11073062939,198370.1878291123,201360.6931732698,35279762
2026-03-23,185710.375,190594.86688137412,185710.375,189897.08232689212,30268173
2026-03-24,189099.625,195379.68634686348,184912.91743542437,194881.26877965208,25458914
2026-03-25,188401.828125,195778.4076388889,188401.828125,193086.9529513889,22995904
2026-03-26,179530.015625,185311.65965956415,178333.81341095225,184912.9255882149,32074131
2026-03-27,179530.015625,181124.951910397,171455.65068017767,171555.33419801499,29138966
2026-03-30,176105.78125,176455.39567675837,170412.06058564945,170811.61993051617,22269147
2026-03-31,167015.8125,174507.55050089714,166816.0328199761,169812.72802033494,38659593
2026-04-01,189441.078125,190589.81126417086,177803.91197600844,178802.81035789612,32390251
2026-04-02,178203.46875,193386.72393497758,174807.2143007287,192387.82556754485,38615231
2026-04-03,185994.875,186993.77336197637,182498.73073308272,183997.07827604725,20194447
2026-04-06,192887.28125,194385.62885163128,189890.58604673744,190689.70476760744,20635958
2026-04-07,196283.53125,202276.92151717556,192188.04790076334,201777.47232824427,30848053
2026-04-08,210268.109375,214263.7029023159,207271.41422951306,213764.25371140143,35890973
2026-04-09,203775.265625,207271.40988817404,201777.4689031863,206771.9607077206,42320839
2026-04-10,205773.0625,210767.5543082524,205273.61331917474,208270.3084041262,18244459
2026-04-13,200778.578125,202776.3749222637,197981.66260883084,197981.66260883084,19603415
2026-04-14,206272.515625,209768.65995762713,205273.61724424938,207770.8631961259,23672078
2026-04-15,210767.5625,215262.6053021327,209768.66409952607,214763.15610189573,24092884
2026-04-16,217260.40625,217759.8554597701,210268.1173132184,211766.46494252872,21499788
2026-04-17,215762.046875,217759.84360532407,214763.14850983795,216760.94524016202,18079322
2026-04-20,214263.703125,218758.7458479021,212765.35555069929,214263.703125,17107741
2026-04-21,218758.75,219757.64840182647,215762.05479452055,217759.85159817353,16752132
2026-04-22,217260.40625,222254.89834770115,215262.60941091954,218259.30466954023,16823480
2026-04-23,224252.6875,229247.17942650334,215762.0512249443,222754.339922049,34525485
2026-04-24,219258.203125,224752.1444333713,216261.50786588836,223753.2460136674,19626666
2026-04-27,224252.6875,225751.035077951,218259.29718819598,219757.644766147,22870374
2026-04-28,221755.4375,225751.03096846846,221255.98831644145,223753.23423423423,18444490
2026-04-29,225751.03125,227748.82798672566,218259.29348727877,219258.1918556416,20363756
2026-04-30,220257.09375,229746.62840136053,220257.09375,228747.7300170068,22161975
2026-05-04,232243.875,232243.875,223753.23870967742,227748.8322580645,32920816
2026-05-06,265706.96875,269702.56226503756,250723.493068609,253720.1882048872,53097996
2026-05-07,271200.90625,276694.8472605893,259713.57504604053,271700.35543278087,41404687
2026-05-08,268204.21875,269702.56634078216,259713.58240223466,259713.58240223466,25875880
2026-05-11,285185.5,288182.1952714536,279691.55866900174,284186.6015761821,36031094
2026-05-12,278692.65625,291178.8863687276,265706.97692652326,289680.53875448025,41211149
2026-05-13,283687.15625,285185.50390625,261711.390625,263709.1875,35540134
2026-05-14,295673.9375,299170.08203125,281689.359375,281689.359375,39314752
2026-05-15,270202.0,296173.35674676526,265706.95748613676,290679.41589648795,38075487
2026-05-18,280690.4375,288182.17515569396,261711.36877224199,269203.10642793594,33555214
2026-05-19,275196.5,281189.89019963704,265706.9655172414,273698.15245009074,30767569
2026-05-20,275695.96875,282188.80859375,263209.73828125,277693.765625,35662077
2026-05-21,299170.0625,299170.0625,286683.8328464107,290679.4263355593,36168689
2026-05-22,292177.78125,300168.9684294872,291678.33205128205,299669.51923076925,18395274
2026-05-26,298670.625,301667.3202341137,297172.27738294314,297671.7265886288,23441371
2026-05-27,306661.8125,322644.18709283386,305662.91408794787,321145.8394747557,33916688
2026-05-28,299170.0625,306162.35110601,287183.28203255427,304664.00354757934,30195334
2026-05-29,316650.78125,318648.5779771293,305163.4500690063,309159.043523265,37241537
2026-06-01,348615.53125,354109.47228689113,319148.02932485676,319148.02932485676,45052488
2026-06-02,360102.875,369592.4098474341,341623.25450762827,360102.875,44720282
2026-06-04,351112.78125,365596.8077880512,347616.636913229,348615.5352951636,34771037
2026-06-05,328637.5625,342622.1396276596,324641.9690349544,333132.6051481763,33725012
2026-06-08,295174.46875,315152.43617808796,292177.7736357868,292677.222821489,38929682
2026-06-09,321645.28125,323643.0780279503,299669.5166925466,309658.50058229815,30124249
2026-06-10,302166.75,314153.53016528924,294924.7369834711,310657.3859504132,1191
2026-06-11,298670.625,306162.3630852843,287183.29326923075,290179.9885033445,31420307
2026-06-12,322144.71875,338626.54156976746,319647.47286821704,325640.8629844961,31006148
2026-06-15,336628.75,344120.48775964393,333632.05489614245,342122.6910237389,21500067
2026-06-16,342622.15625,345119.4022868076,332133.72289540817,342622.15625,17548685
2026-06-17,346118.28125,347616.6287878788,331134.80587121216,331634.25505050505,18134051
2026-06-18,362100.65625,362600.10543103446,344120.48573275865,344619.9349137931,32764450
2026-06-19,353610.03125,374087.44831391243,345868.56870144774,372089.65152718924,43284898
2026-06-22,353110.59375,362600.128801273,341623.26184582745,342622.16027227725,24330451
2026-06-23,309658.5,352611.13064516126,309658.5,347117.18951612903,41266630
2026-06-24,340124.90625,340624.35545154184,313654.098568282,313654.098568282,47809959
2026-06-25,358105.0625,362100.6559449093,351612.2231520223,359103.96086122736,36157158
2026-06-26,339126.0,356107.27245949925,321145.8291605302,353610.02650957287,39735951
2026-06-29,323000.0,335500.0,316000.0,331000.0,35436521
2026-06-30,334000.0,343000.0,321000.0,323500.0,29237216
2026-07-01,314500.0,339000.0,311500.0,334500.0,24968382
2026-07-02,286000.0,304000.0,281500.0,290000.0,38905074
2026-07-03,309500.0,313000.0,283500.0,288500.0,31520538
2026-07-06,318000.0,325000.0,303000.0,320000.0,23872879
2026-07-07,296000.0,310000.0,286000.0,307000.0,32421032
2026-07-08,277500.0,300000.0,273500.0,285500.0,33525758
2026-07-09,278000.0,291500.0,267500.0,288500.0,29703616
2026-07-10,285000.0,298000.0,282000.0,291000.0,20088811
2026-07-13,254500.0,292500.0,253000.0,285000.0,31882652
2026-07-14,263000.0,270000.0,247000.0,255000.0,40086496
2026-07-15,279500.0,284500.0,273000.0,283500.0,24873414
2026-07-16,255000.0,265500.0,252500.0,264500.0,27001478
2026-07-20,244000.0,257500.0,240000.0,241000.0,26804038
2026-07-21,259000.0,263500.0,243000.0,247000.0,20386896
2026-07-22,260500.0,276000.0,260000.0,276000.0,22292003
2026-07-23,270000.0,273000.0,263000.0,269000.0,16011816
2026-07-24,249500.0,266500.0,247000.0,266000.0,26175580
2026-07-27,254000.0,258500.0,246000.0,257000.0,23296044
2026-07-28,220000.0,240000.0,218500.0,238500.0,41639623
2026-07-29,208500.0,234000.0,189200.0,226500.0,65555523
2026-07-30,207000.0,226000.0,202000.0,214000.0,46694193
2026-07-31,262500.0,267000.0,243000.0,257000.0,58478873
2026-08-03,239500.0,249500.0,238000.0,248000.0,27825493
2026-08-04,240000.0,244500.0,228000.0,244500.0,29433821
2026-08-05,246000.0,254500.0,244000.0,254000.0,22577128
2026-08-06,230500.0,246000.0,228000.0,241500.0,26101823
2026-08-07,231000.0,239500.0,229000.0,235000.0,20546010
2026-08-10,230000.0,238500.0,228500.0,236000.0,16327805
2026-08-11,239500.0,243000.0,227500.0,229500.0,23310969
2026-08-12,255500.0,260500.0,241000.0,243500.0,27102479
2026-08-13,268000.0,271000.0,262500.0,267500.0,35530867
2026-08-14,274500.0,275500.0,266000.0,275000.0,21669476
2026-08-18,268500.0,288000.0,265000.0,283000.0,24464621
2026-08-19,247500.0,254500.0,246500.0,251500.0,22788552
2026-08-20,271000.0,273000.0,252500.0,257000.0,26095919
2026-08-21,281500.0,285000.0,266000.0,267000.0,27746471
2026-08-24,257000.0,272000.0,255000.0,271500.0,32451940
2026-08-25,257000.0,258000.0,245000.0,249000.0,21617407
2026-08-26,261500.0,266500.0,255500.0,256500.0,19532523
2026-08-27,266000.0,271000.0,262500.0,270000.0,16829395
2026-08-28,257000.0,266000.0,256000.0,262500.0,15106746
2026-08-31,260000.0,260000.0,246000.0,249000.0,18270969
2026-09-01,261000.0,262500.0,254000.0,256500.0,15319615
2026-09-02,250500.0,255500.0,249500.0,252000.0,15176841
2026-09-03,250000.0,255000.0,243000.0,254000.0,13756022
2026-09-04,255500.0,259000.0,252500.0,254000.0,14031862
2026-09-07,270000.0,270000.0,264000.0,267000.0,18314016
2026-09-08,269500.0,279000.0,269000.0,272000.0,22716517
2026-09-09,269500.0,275000.0,267500.0,269500.0,16370962
2026-09-10,269000.0,270500.0,263500.0,269000.0,22517075
2026-09-11,258750.0,261000.0,257500.0,258000.0,4765283
